date,이차전지,석유제품,석유화학,철강제품,반도체,평판DP,무선통신,가전,일반기계,자동차,선박
2001-01-01,17.49,54.86,36.38,55.22,1.82,8.37,18.71,45.96,20.8,52.77,
2001-02-01,14.06,59.76,34.93,58.51,1.29,4.3,9.46,43.71,36.28,38.06,
2001-03-01,13.13,64.65,38.22,61.65,1.33,4.17,10.74,47.05,43.3,46.13,
2001-04-01,10.72,53.33,32.79,59.21,1.16,3.92,9.31,45.41,28.74,41.38,
2001-05-01,11.16,68.8,36.51,63.15,1.27,4.91,10.31,43.17,27.74,48.26,
2001-06-01,12.48,50.33,36.64,56.62,1.38,5.44,12.2,38.57,24.83,51.21,
2001-07-01,12.88,52.16,37.25,54.97,1.22,6.1,10.8,40.81,23.38,42.39,
2001-08-01,13.68,62.02,38.24,58.06,1.37,6.72,13.47,41.88,22.81,47.62,
2001-09-01,16.66,47.92,36.3,56.16,1.55,7.67,14.6,46.67,21.5,52.13,
2001-10-01,25.39,53.11,33.85,50.46,1.64,7.78,16.82,46.37,19.14,49.73,
2002-01-01,24.67,48.4,38.55,51.5,2.38,11.0,28.64,62.47,24.29,61.64,
2002-02-01,16.02,42.19,35.62,50.8,1.38,8.3,13.61,43.5,29.0,37.76,
2002-03-01,18.08,43.71,36.43,61.67,1.58,9.31,17.17,51.11,37.31,48.25,
2002-04-01,21.11,46.43,36.66,56.72,1.63,9.16,15.54,54.1,38.35,50.33,
2002-05-01,19.53,46.55,35.76,56.21,1.76,9.69,17.19,58.63,30.13,52.34,
2002-06-01,19.0,45.23,35.67,54.31,1.95,9.19,18.0,50.0,24.38,33.82,
2002-07-01,20.27,49.75,37.1,56.22,1.98,10.1,16.65,55.25,27.11,45.45,
2002-08-01,19.27,53.63,34.54,53.8,2.11,9.36,19.94,52.76,22.37,51.98,
2002-09-01,21.91,49.07,35.66,48.64,2.03,8.68,22.51,58.62,22.76,47.51,
2002-10-01,24.8,44.02,38.59,56.39,2.38,10.95,27.39,68.22,28.21,62.98,
2003-01-01,26.27,38.54,44.48,63.71,3.0,18.06,38.36,68.56,31.4,78.84,
2003-02-01,24.43,42.07,35.3,54.86,1.84,11.15,24.53,59.53,32.9,48.84,
2003-03-01,26.77,48.99,37.77,61.27,2.11,13.76,27.95,69.95,41.41,53.35,
2003-04-01,25.57,51.54,38.84,58.55,2.1,13.56,25.45,64.74,37.69,64.85,
2003-05-01,26.65,33.91,39.84,57.31,2.26,15.44,23.42,54.42,33.14,59.45,
2003-06-01,26.67,41.23,42.23,58.24,2.4,14.83,27.43,57.57,33.42,57.07,
2003-07-01,27.03,49.1,42.12,58.26,2.59,16.87,29.14,66.27,29.21,33.62,
2003-08-01,23.83,35.07,38.86,57.75,2.73,16.66,32.03,62.45,25.39,42.77,
2003-09-01,27.66,31.4,35.97,61.78,2.91,18.08,34.59,74.26,29.46,61.43,
2003-10-01,30.26,40.89,42.81,67.37,3.2,17.62,38.59,88.86,33.79,83.28,
2004-01-01,24.83,49.14,41.29,64.0,3.74,19.35,62.04,72.7,37.05,101.12,
2004-02-01,20.31,47.43,41.94,68.19,2.77,19.27,38.11,72.88,48.01,70.38,
2004-03-01,22.52,49.32,43.6,71.27,3.1,22.16,41.9,80.97,51.44,75.93,
2004-04-01,23.18,47.88,41.91,63.63,3.07,21.23,41.01,75.35,45.97,76.1,
2004-05-01,22.55,63.08,40.87,63.52,3.3,21.83,46.93,72.97,46.02,73.19,
2004-06-01,22.17,18.92,39.88,62.91,3.22,20.47,47.34,71.48,44.18,82.8,
2004-07-01,24.76,47.27,45.86,67.4,3.15,15.86,48.3,77.69,42.06,72.83,
2004-08-01,21.91,41.78,43.59,65.06,3.39,17.12,46.66,67.53,31.61,66.69,
2004-09-01,24.8,48.63,40.24,61.35,3.42,17.12,49.73,75.59,34.69,79.61,
2004-10-01,25.24,50.18,41.54,65.47,3.72,18.55,57.31,83.71,36.03,90.04,
2005-01-01,29.89,66.77,47.81,67.39,5.39,47.96,75.98,78.03,43.23,105.0,
2005-02-01,17.3,39.33,43.2,60.26,3.81,20.43,46.55,73.54,42.08,67.87,
2005-03-01,22.68,44.41,47.04,70.32,4.54,25.09,58.18,93.63,56.02,94.84,
2005-04-01,21.69,35.98,42.58,60.83,4.6,27.24,50.93,83.48,46.48,92.85,
2005-05-01,21.56,49.61,44.69,65.63,4.89,29.21,51.88,75.17,43.38,84.83,
2005-06-01,20.9,46.17,50.63,61.31,5.04,32.55,53.0,84.82,44.45,91.24,
2005-07-01,22.75,53.71,47.82,58.8,5.27,35.25,53.19,79.6,41.58,84.43,
2005-08-01,27.06,57.57,49.03,61.21,5.28,40.12,56.52,82.62,39.61,65.52,
2005-09-01,29.82,58.69,47.69,65.58,5.28,41.81,65.45,95.09,43.53,61.59,
2005-10-01,30.25,54.8,42.12,67.61,5.49,47.65,71.05,87.69,41.49,85.65,
2006-01-01,29.97,61.45,54.8,75.25,7.99,111.6,83.2,91.23,48.42,118.3,
2006-02-01,23.37,43.01,44.64,68.5,5.17,44.14,60.31,75.78,52.25,86.69,
2006-03-01,24.68,45.69,54.82,74.71,6.2,55.58,67.13,87.22,54.81,107.5,
2006-04-01,23.66,50.81,50.73,69.16,6.08,56.5,56.56,80.34,49.23,93.07,
2006-05-01,27.11,52.64,51.46,72.58,6.39,66.81,66.31,78.7,53.17,96.64,
2006-06-01,26.55,50.14,51.12,76.93,6.28,66.9,67.72,85.16,52.09,98.63,
2006-07-01,30.08,68.41,50.74,71.12,6.41,73.67,61.75,78.94,44.79,55.92,
2006-08-01,32.0,77.65,54.62,72.7,6.78,96.53,71.53,79.65,46.83,62.18,
2006-09-01,34.15,72.15,49.32,77.15,6.73,117.31,78.69,98.49,54.7,114.25,
2006-10-01,31.27,59.95,47.08,70.47,6.92,111.52,78.59,93.56,43.0,92.75,
2007-01-01,26.99,66.69,56.79,70.38,12.15,162.83,121.94,83.8,62.6,117.37,
2007-02-01,26.09,57.47,54.96,69.67,8.51,100.54,69.95,95.1,54.81,80.98,
2007-03-01,29.22,60.27,59.23,75.07,9.29,125.14,78.36,99.84,65.45,106.33,
2007-04-01,28.09,60.67,59.87,75.69,8.37,118.22,78.18,94.22,59.67,110.9,
2007-05-01,28.77,53.84,59.58,75.24,9.09,137.89,76.85,94.6,58.25,110.1,
2007-06-01,29.97,56.47,50.77,70.23,9.83,127.59,86.67,79.14,64.18,107.7,
2007-07-01,28.98,60.53,62.27,67.24,10.21,145.98,91.37,83.42,59.44,89.74,
2007-08-01,25.55,68.7,61.96,65.26,10.67,154.77,88.51,94.62,54.21,87.74,
2007-09-01,24.13,60.42,53.16,62.59,10.35,148.98,91.21,84.69,51.22,88.26,
2007-10-01,30.14,63.18,54.89,70.35,11.47,172.29,125.0,104.47,61.17,117.95,
2008-01-01,46.3,77.22,53.48,56.77,7.98,133.47,110.74,58.33,53.87,97.16,
2008-02-01,21.93,55.37,58.37,74.17,9.88,137.84,90.4,81.88,66.85,79.78,
2008-03-01,23.65,61.99,64.49,83.99,11.34,146.77,118.47,97.09,73.49,103.52,
2008-04-01,24.48,60.21,56.79,93.81,10.97,138.33,118.1,103.01,78.54,104.48,
2008-05-01,25.72,67.42,61.42,91.46,11.51,145.12,112.47,98.75,71.84,99.32,
2008-06-01,27.99,67.02,55.96,83.18,12.12,140.36,112.93,93.59,72.55,99.76,
2008-07-01,39.9,78.13,60.15,97.01,11.99,160.21,120.85,102.94,72.51,79.31,
2008-08-01,38.92,74.98,56.32,84.31,11.92,170.99,113.85,88.7,68.81,67.9,
2008-09-01,45.37,82.01,63.04,80.96,11.73,181.85,135.7,97.43,67.02,67.08,
2008-10-01,48.89,85.92,58.49,77.44,10.16,174.85,166.15,86.07,73.34,94.59,
2009-01-01,49.27,69.28,65.86,80.19,14.19,263.14,126.85,104.16,55.32,85.76,
2009-02-01,33.79,68.8,62.89,58.89,6.13,180.82,105.76,69.57,60.03,52.45,
2009-03-01,38.36,74.77,72.74,66.47,7.33,237.58,111.11,85.07,62.15,57.78,
2009-04-01,49.07,68.04,75.97,71.08,8.56,242.43,114.2,98.46,67.61,63.12,
2009-05-01,48.82,58.79,67.34,75.45,9.78,231.26,116.17,95.89,56.95,56.88,
2009-06-01,52.34,69.39,69.72,79.22,10.97,232.25,119.52,103.08,64.43,63.67,
2009-07-01,57.25,73.38,73.73,86.27,11.68,254.03,126.4,93.92,69.59,65.99,
2009-08-01,52.71,69.3,68.95,79.42,12.26,253.59,112.58,93.36,56.82,51.57,
2009-09-01,60.19,69.21,69.37,83.93,13.5,274.38,125.29,119.66,68.66,82.6,
2009-10-01,53.65,71.4,69.03,79.11,14.08,280.14,129.57,112.88,67.12,79.26,
2010-01-01,48.94,79.04,72.84,97.65,21.59,320.04,157.51,113.56,84.09,107.65,
2010-02-01,41.88,59.49,64.54,75.46,12.59,253.27,98.69,106.0,58.71,70.14,
2010-03-01,53.83,64.48,76.52,91.65,15.02,301.6,104.84,126.79,76.68,92.06,
2010-04-01,49.46,72.65,75.57,96.96,15.1,285.31,95.73,145.03,78.74,99.5,
2010-05-01,49.67,70.77,69.36,91.46,15.97,283.76,96.48,140.33,78.61,95.52,
2010-06-01,55.04,78.62,73.3,88.68,16.16,293.03,103.38,125.98,72.43,105.15,
2010-07-01,50.61,74.85,76.62,90.82,17.27,319.98,105.07,122.95,76.38,103.49,
2010-08-01,46.79,78.8,77.34,87.65,19.22,341.85,103.64,122.35,63.71,79.01,
2010-09-01,51.1,78.76,73.23,92.44,20.01,320.78,118.17,116.28,69.57,89.62,
2010-10-01,51.49,83.07,76.23,101.9,20.93,358.46,149.35,146.64,81.76,107.99,
2011-01-01,59.95,87.05,80.58,117.18,32.88,369.43,119.7,123.18,80.59,135.69,
2011-02-01,40.03,69.39,68.95,90.33,21.99,293.78,115.26,111.87,73.02,88.41,
2011-03-01,54.92,86.01,73.89,109.59,26.61,335.54,126.41,138.61,98.53,115.45,
2011-04-01,53.85,91.1,71.08,103.86,24.08,316.14,133.39,144.12,88.04,115.49,
2011-05-01,57.45,89.48,73.8,108.16,24.98,333.9,140.39,141.91,87.46,118.85,
2011-06-01,62.09,85.16,75.4,109.74,25.79,332.47,130.3,118.62,84.06,138.44,
2011-07-01,55.65,94.42,78.36,107.9,26.0,350.19,129.93,102.79,88.85,120.94,
2011-08-01,53.99,100.33,79.86,109.03,29.31,341.34,124.48,123.9,76.77,99.66,
2011-09-01,60.85,84.93,77.26,117.65,34.82,392.54,123.78,149.08,85.25,115.22,
2011-10-01,58.21,82.2,78.21,112.67,34.17,398.59,121.4,141.03,89.35,124.04,
2012-01-01,60.65,99.79,82.41,107.48,44.77,365.77,163.18,127.64,88.64,138.25,
2012-02-01,55.4,86.47,80.36,117.51,35.72,302.83,88.77,115.67,91.2,136.84,
2012-03-01,56.26,86.83,77.87,113.3,40.27,339.75,100.37,120.77,90.03,144.26,
2012-04-01,63.12,79.86,72.81,116.03,37.21,336.12,97.98,140.83,87.89,131.08,
2012-05-01,65.96,88.85,82.53,118.28,42.0,353.99,103.62,154.05,86.98,123.04,
2012-06-01,61.42,103.99,83.4,113.26,40.03,322.63,108.83,141.64,95.92,139.03,
2012-07-01,67.46,93.86,85.33,111.01,35.45,342.48,101.45,137.14,98.74,114.94,
2012-08-01,61.13,96.37,79.46,105.84,37.54,365.69,109.04,131.0,78.92,77.8,
2012-09-01,57.59,100.71,88.25,108.93,42.16,356.39,150.59,157.88,88.82,108.61,
2012-10-01,61.56,102.32,82.49,110.43,43.99,386.32,158.43,146.31,92.41,120.03,
2013-01-01,61.37,70.78,91.05,115.66,39.41,332.42,126.02,109.36,99.46,141.36,
2013-02-01,52.43,88.28,82.58,103.01,36.18,313.9,109.14,111.95,83.24,114.06,
2013-03-01,60.96,99.98,86.66,106.77,39.39,354.59,133.94,127.82,95.74,121.87,
2013-04-01,62.74,80.49,85.7,103.68,34.24,356.5,165.5,139.48,96.65,122.56,
2013-05-01,62.43,91.32,82.51,111.34,38.72,332.41,175.31,149.7,104.7,126.3,
2013-06-01,59.66,92.12,80.03,103.5,35.07,289.8,122.92,114.74,90.99,133.24,
2013-07-01,66.65,84.95,88.12,105.5,36.45,332.83,136.75,114.58,95.11,108.4,
2013-08-01,59.64,95.5,86.31,101.22,38.44,372.07,142.43,124.02,80.31,108.84,
2013-09-01,63.12,92.7,78.82,98.28,41.26,340.57,161.03,130.32,77.82,91.63,
2013-10-01,70.69,90.44,86.18,114.29,40.29,374.21,213.16,146.14,92.62,138.77,
2014-01-01,59.32,101.52,91.93,113.74,45.27,333.69,194.17,102.21,90.57,128.97,
2014-02-01,62.31,80.65,83.39,109.48,34.18,320.15,148.37,105.77,87.56,117.98,
2014-03-01,65.88,97.42,88.54,116.51,40.47,368.6,174.38,128.92,94.68,137.29,
2014-04-01,71.15,92.18,96.2,122.09,37.97,371.75,179.98,147.18,102.28,141.26,
2014-05-01,65.43,97.33,87.8,115.29,38.42,359.28,158.28,141.64,93.95,121.25,
2014-06-01,64.24,77.53,87.03,115.65,40.26,362.93,140.54,111.28,95.81,120.71,
2014-07-01,65.28,94.5,94.13,121.4,37.82,380.99,169.75,128.88,102.97,126.34,
2014-08-01,60.02,105.12,91.9,113.9,40.74,364.69,153.32,115.98,85.37,87.82,
2014-09-01,67.91,93.66,89.75,120.17,45.37,356.94,162.05,129.62,91.59,94.75,
2014-10-01,68.57,106.12,100.71,121.09,46.48,360.45,190.26,139.29,95.5,116.28,
2015-01-01,68.28,102.75,92.17,100.45,48.6,291.9,267.12,99.75,89.64,123.49,
2015-02-01,52.25,78.52,89.11,104.13,38.48,282.99,152.91,91.52,91.0,100.08,
2015-03-01,61.49,108.26,99.49,113.65,44.16,322.16,171.12,125.87,104.26,132.01,
2015-04-01,61.91,88.54,99.75,109.43,42.94,325.64,189.66,130.26,107.63,134.86,
2015-05-01,60.9,88.81,82.01,102.39,42.85,316.58,222.41,105.99,94.76,116.95,
2015-06-01,65.82,101.22,93.99,108.68,45.1,307.27,181.55,101.21,103.05,135.06,
2015-07-01,70.68,111.57,98.11,112.2,44.35,335.02,156.93,114.49,106.25,123.45,
2015-08-01,65.55,116.39,88.9,100.17,48.41,336.47,197.81,101.57,80.32,84.0,
2015-09-01,76.06,114.66,98.07,103.65,53.03,351.2,266.07,129.35,92.13,99.08,
2015-10-01,75.83,98.08,97.28,103.66,50.69,316.93,314.87,130.74,96.66,119.97,
2016-01-01,77.59,101.14,108.44,106.76,56.59,238.66,215.12,115.76,104.42,125.53,
2016-02-01,65.11,100.66,94.0,103.66,40.16,258.01,174.8,100.85,90.96,94.14,
2016-03-01,75.23,100.81,104.58,108.3,51.85,281.24,221.44,115.47,103.49,125.51,
2016-04-01,74.81,122.16,102.33,106.62,47.08,267.89,183.47,99.56,94.77,110.21,
2016-05-01,72.17,98.58,103.12,108.08,51.47,282.49,190.7,107.67,92.64,106.6,
2016-06-01,75.0,99.71,102.9,104.32,56.02,279.71,176.53,103.68,100.59,118.3,
2016-07-01,74.88,123.23,102.42,108.85,53.19,290.85,150.39,106.63,102.14,106.54,
2016-08-01,76.99,95.8,106.99,111.52,58.2,294.02,174.42,104.8,86.31,71.06,
2016-09-01,76.63,105.96,101.18,105.99,59.33,280.16,181.82,125.4,92.25,75.75,
2016-10-01,81.42,93.08,97.13,103.63,55.66,268.34,212.62,131.03,91.57,105.41,
2017-01-01,85.18,111.21,120.56,108.22,73.92,161.65,121.54,80.13,104.83,92.15,
2017-02-01,80.31,107.49,104.14,107.58,56.17,168.32,146.38,95.51,95.3,105.14,
2017-03-01,84.02,117.66,114.5,113.65,64.91,182.58,173.82,110.11,103.39,130.52,
2017-04-01,78.16,94.45,107.92,113.88,58.95,162.06,173.63,117.81,100.07,122.96,
2017-05-01,88.25,109.46,101.84,114.08,62.03,170.4,128.58,114.75,95.18,111.56,
2017-06-01,81.79,100.26,110.0,116.52,66.48,166.44,117.97,105.73,100.59,121.91,
2017-07-01,84.38,108.45,105.33,116.0,63.83,165.18,113.3,103.02,97.91,114.97,
2017-08-01,87.45,109.21,111.66,115.56,70.69,180.33,140.68,109.3,90.21,89.63,
2017-09-01,86.47,129.12,130.72,119.32,78.31,174.89,154.39,136.2,114.2,119.44,
2017-10-01,76.78,92.31,84.18,97.97,72.38,166.78,156.19,103.71,80.4,89.92,
2018-01-01,101.32,121.53,98.51,96.22,86.77,161.05,100.96,81.79,111.99,124.96,
2018-02-01,77.65,107.13,108.08,108.86,65.76,143.52,93.07,80.99,87.43,87.72,
2018-03-01,91.82,97.39,102.24,110.64,79.83,161.57,142.29,88.96,107.76,116.43,
2018-04-01,86.31,118.65,104.48,111.71,71.8,149.54,115.71,88.38,105.91,110.11,
2018-05-01,87.62,109.98,110.12,111.92,79.95,167.88,136.57,92.06,110.58,107.96,
2018-06-01,84.57,116.63,102.86,103.27,83.33,163.1,126.72,76.69,107.2,107.57,
2018-07-01,92.79,112.2,107.14,110.71,77.57,171.93,130.23,87.54,118.65,98.43,
2018-08-01,89.6,120.04,110.29,107.93,86.87,175.76,126.93,83.0,95.24,89.4,
2018-09-01,85.21,114.91,102.05,98.59,95.0,162.54,115.45,93.65,96.4,93.48,
2018-10-01,107.51,119.92,108.03,100.1,92.73,184.94,133.5,103.82,116.25,123.28,
2019-01-01,91.64,115.89,98.9,99.39,91.31,116.15,112.89,78.23,122.12,124.67,
2019-02-01,86.67,97.43,105.42,100.64,64.78,134.62,79.41,79.54,90.24,90.66,
2019-03-01,102.99,95.77,102.67,102.19,90.41,148.51,92.77,93.5,116.49,115.05,
2019-04-01,100.98,117.67,109.25,102.62,90.46,139.51,103.45,97.96,117.11,118.47,
2019-05-01,96.64,108.67,101.62,106.0,82.32,137.23,91.26,95.76,116.97,124.57,
2019-06-01,91.89,101.41,87.27,103.65,94.51,136.09,96.24,88.96,102.83,118.34,
2019-07-01,99.9,112.77,111.88,109.17,91.61,152.49,91.58,100.15,114.17,121.46,
2019-08-01,100.63,120.38,102.04,101.98,97.15,150.25,108.88,77.85,91.12,94.22,
2019-09-01,96.07,113.53,98.96,98.25,102.06,129.49,124.27,94.18,102.12,97.89,
2019-10-01,100.25,110.58,101.71,98.48,97.34,129.85,142.08,99.15,109.04,120.77,
2020-01-01,113.88,84.69,91.03,103.4,108.99,86.54,130.8,116.04,101.03,126.46,
2020-02-01,88.22,103.23,95.39,99.85,91.42,91.13,100.58,72.79,103.59,76.96,
2020-03-01,98.29,126.9,97.83,109.68,105.85,112.75,113.42,92.73,113.06,123.11,
2020-04-01,87.61,121.1,89.86,88.21,82.68,85.83,73.58,67.8,89.16,77.57,
2020-05-01,87.93,82.27,101.54,79.95,92.65,96.09,76.9,69.01,94.11,58.78,
2020-06-01,94.34,89.6,113.21,93.96,94.16,108.0,94.59,94.39,108.34,80.8,
2020-07-01,97.14,104.03,112.34,103.16,94.09,111.89,97.08,116.98,94.1,118.43,
2020-08-01,100.62,98.47,97.58,98.39,98.92,110.91,73.99,109.0,77.51,83.22,
2020-09-01,120.7,100.22,104.77,112.48,115.06,106.89,105.07,135.29,97.11,120.9,
2020-10-01,111.43,84.88,90.85,104.88,109.1,95.2,119.45,127.13,95.11,127.48,
2021-01-01,110.32,98.89,105.67,91.46,130.15,85.68,154.41,155.89,104.33,129.26,
2021-02-01,100.21,84.88,102.45,94.97,104.11,65.6,106.44,97.58,94.05,110.42,
2021-03-01,126.87,93.48,114.51,105.4,117.74,66.24,121.99,125.19,111.69,137.87,
2021-04-01,116.47,100.55,102.18,100.2,103.01,64.09,135.82,128.39,102.21,130.19,
2021-05-01,114.47,99.46,98.05,98.23,110.68,61.3,112.48,139.83,101.16,109.55,
2021-06-01,125.87,90.58,97.0,96.49,122.03,58.68,100.39,144.67,106.63,126.63,
2021-07-01,122.82,103.12,103.59,97.7,113.65,66.65,111.67,161.76,103.52,127.73,
2021-08-01,106.87,90.69,106.31,93.7,120.26,64.8,130.43,129.36,87.95,94.66,
2021-09-01,113.56,98.62,103.1,87.93,125.66,72.5,138.57,144.58,96.75,111.65,
2021-10-01,106.36,99.58,107.65,91.82,120.6,85.19,151.92,160.81,98.06,120.54,
2022-01-01,114.5,99.46,87.56,87.54,128.26,92.63,163.92,86.17,98.84,171.39,
2022-02-01,98.2,92.74,106.59,84.33,119.91,109.87,98.83,124.86,89.59,119.91,
2022-03-01,126.18,100.45,117.52,94.66,150.66,130.01,156.96,130.84,113.0,124.92,
2022-04-01,116.03,93.01,93.07,90.83,124.95,109.82,131.49,133.29,105.43,138.25,
2022-05-01,120.97,112.26,97.17,99.66,133.52,100.77,105.65,139.53,110.56,130.01,
2022-06-01,116.06,89.1,86.2,90.7,144.88,94.4,103.18,101.42,99.9,124.95,
2022-07-01,128.52,117.24,85.46,90.73,143.33,100.48,92.43,103.83,108.03,163.88,
2022-08-01,136.45,127.89,91.68,93.14,139.39,99.49,119.97,90.37,99.67,131.18,
2022-09-01,137.65,108.67,90.16,80.09,151.79,89.17,169.67,101.53,97.42,152.02,
2022-10-01,117.43,88.66,87.65,81.04,138.74,92.36,181.27,91.81,91.26,156.13,
2023-01-01,125.6,103.36,95.12,90.24,168.93,93.76,189.33,113.08,125.02,203.8,
2023-02-01,128.39,106.86,97.19,97.1,102.64,80.53,121.97,116.65,105.18,175.38,
2023-03-01,126.12,107.75,94.04,100.63,149.95,80.21,102.52,115.26,112.16,202.72,
2023-04-01,105.81,89.91,88.19,95.74,123.64,80.28,95.6,118.61,106.66,191.98,
2023-05-01,108.63,111.71,88.46,97.41,144.76,82.98,107.33,122.73,100.93,193.83,
2023-06-01,131.6,87.94,89.69,99.4,176.61,84.22,95.3,109.12,105.67,194.0,
2023-07-01,100.79,95.08,90.25,98.42,149.44,85.72,83.53,110.49,105.91,184.34,
2023-08-01,101.62,96.13,100.86,96.28,171.0,89.03,110.31,112.31,100.04,164.95,
2023-09-01,109.75,100.78,96.99,95.27,198.2,86.8,153.76,122.31,109.04,162.25,
2023-10-01,95.42,112.11,88.13,91.68,164.54,91.9,168.72,120.79,102.75,183.03,
2024-01-01,83.12,98.24,97.19,101.33,175.95,82.28,163.67,109.39,96.91,173.71,
2024-02-01,95.94,103.51,103.05,90.88,153.52,84.34,98.31,121.76,106.37,159.53,
2024-03-01,90.67,109.07,105.57,99.02,173.34,90.14,108.51,131.67,106.55,191.82,
2024-04-01,83.48,99.49,109.8,95.34,134.33,82.67,104.01,141.9,112.66,211.51,
2024-05-01,87.5,109.9,100.78,100.67,154.14,86.0,113.17,140.03,102.13,202.24,
2024-06-01,102.1,89.25,90.21,89.97,183.77,76.97,97.26,120.02,101.52,193.98,
2024-07-01,96.04,108.36,102.96,102.65,147.03,80.24,135.11,131.29,147.06,166.52,
2024-08-01,92.64,111.76,106.22,104.64,155.61,83.73,170.28,110.14,91.43,157.6,
2024-09-01,93.35,109.59,96.16,101.2,182.02,78.44,186.16,105.88,95.49,169.66,
2024-10-01,81.95,91.88,106.95,105.29,173.48,84.25,201.1,122.0,97.07,191.2,
2025-01-01,96.78,122.65,111.72,102.25,219.12,76.64,181.33,91.73,102.16,196.88,100.0
2025-02-01,83.9,100.63,107.72,101.59,145.56,75.56,122.05,123.07,92.74,189.52,
2025-03-01,86.05,89.61,98.52,100.25,195.88,74.85,115.81,119.39,103.09,195.93,
2025-04-01,93.37,104.53,100.85,115.16,169.94,74.81,134.78,137.83,111.11,205.11,
2025-05-01,70.5,104.68,99.15,100.56,198.6,68.07,120.48,119.93,101.55,194.32,
2025-06-01,79.68,102.7,105.0,93.4,215.69,67.13,93.04,102.73,96.69,202.04,
2025-07-01,77.32,114.1,108.86,108.34,201.4,75.54,109.79,121.52,100.6,189.14,
2025-08-01,66.38,115.46,101.36,94.37,206.47,72.61,152.13,93.87,85.15,177.25,
2025-09-01,85.22,114.78,111.1,105.11,224.17,71.57,176.26,121.24,103.95,211.82,
2025-10-01,72.12,106.08,94.06,90.85,183.22,66.04,188.39,104.33,78.29,183.67,
2026-01-01,74.36,110.58,109.89,101.65,177.9,81.97,223.36,90.66,94.94,201.0,86.23
2026-02-01,82.12,104.09,98.56,98.66,206.51,61.5,158.47,83.86,80.31,156.56,80.03
2026-03-01,121.16,86.46,117.92,102.45,230.4,91.56,195.87,92.85,98.8,209.15,100.07
2026-04-01,96.39,75.89,87.34,105.53,190.98,70.84,172.26,88.64,104.82,203.2,100.17
2026-05-01,101.18,90.29,69.01,99.52,205.62,75.47,157.35,70.94,89.97,190.72,93.12
2026-06-01,101.51,106.87,78.7,102.95,242.75,74.18,166.8,83.55,103.01,220.83,101.93
2026-07-01,100.05,103.5,91.79,111.06,208.4,68.59,197.06,95.03,115.72,206.6,115.02
